City_ID,City,Lat,Lng,Max Temp,Humidity,Cloudiness,Wind Speed,Country,Date
0,ust-nera,64.5667,143.2,0.97,87,84,5.88,RU,1695073824
1,krasnovishersk,60.4078,57.082,9.33,90,93,10.02,RU,1695073824
2,college,64.8569,-147.8028,6.97,86,100,3.44,US,1695073824
3,bredasdorp,-34.5322,20.0403,9.58,92,58,4.29,ZA,1695073824
4,jamestown,42.097,-79.2353,18.03,66,75,10.36,US,1695073824
5,naze,28.3667,129.4833,23.51,80,9,2.73,JP,1695073824
6,vilhena,-12.7406,-60.1458,26.12,69,75,9.22,BR,1695073689
7,pangody,65.85,74.4859,4.27,71,97,10.67,RU,1695073796
8,goderich,43.7501,-81.7165,16.62,72,41,12.66,CA,1695073825
9,blackmans bay,-43.0167,147.3167,14.85,60,80,11.23,AU,1695073825
10,port-aux-francais,-49.35,70.2167,4.31,83,77,30.78,TF,1695073825
11,burang,30.25,81.1667,7.96,93,98,3.78,CN,1695073825
12,mount gambier,-37.8333,140.7667,12.69,78,26,10.0,AU,1695073825
13,kodiak,57.79,-152.4072,11.73,58,0,25.32,US,1695073825
14,ancud,-41.8697,-73.8203,6.9,66,70,6.42,CL,1695073825
15,isafjordur,66.0755,-23.124,7.38,96,100,41.63,IS,1695073825
16,albany,42.6001,-73.9662,17.12,94,100,1.99,US,1695073826
17,iqaluit,63.7506,-68.5145,1.85,69,75,3.44,CA,1695073826
18,puerto armuelles,8.2833,-82.8667,27.27,72,100,1.01,PA,1695073826
19,edinburgh of the seven seas,-37.0676,-12.3116,12.64,80,70,21.03,SH,1695073826
20,utrik,11.2278,169.8474,27.98,78,97,8.81,MH,1695073826
21,ende,-8.8432,121.6623,23.61,84,70,0.96,ID,1695073826
22,thompson,55.7435,-97.8558,23.09,49,0,8.05,CA,1695073826
23,hammerfest,70.6634,23.6821,4.25,93,75,1.14,NO,1695073826
24,puerto ayora,-0.7393,-90.3518,27.98,92,77,5.99,EC,1695073686
25,maceio,-9.6658,-35.7353,25.69,78,75,9.22,BR,1695073762
26,west island,-12.1568,96.8225,24.99,73,75,14.97,CC,1695073826
27,grytviken,-54.2811,-36.5092,-3.39,82,88,13.62,GS,1695073827
28,karratha,-20.7377,116.8463,22.3,53,53,7.78,AU,1695073827
29,ilulissat,69.2167,-51.1,1.01,64,20,0.0,GL,1695073651
30,atafu village,-8.5421,-172.5159,28.66,76,9,15.57,TK,1695073827
31,praia da vitoria,38.7333,-27.0667,20.42,83,20,2.71,PT,1695073827
32,pisco,-13.7,-76.2167,22.03,68,0,9.22,PE,1695073827
33,georgetown,5.4112,100.3354,24.97,97,20,4.61,MY,1695073640
34,waitangi,-43.9535,-176.5597,12.12,78,2,14.0,NZ,1695073827
35,kapuskasing,49.4169,-82.4331,15.05,29,20,6.91,CA,1695073827
36,san rafael del yuma,18.4299,-68.6739,32.11,69,91,7.7,DO,1695073827
37,yellowknife,62.456,-114.3525,14.67,86,75,15.01,CA,1695073827
38,papatowai,-46.5619,169.4708,11.6,56,22,10.33,NZ,1695073828
39,guerrero negro,27.9769,-114.0611,22.98,59,0,18.88,MX,1695073828
40,invercargill,-46.4,168.35,12.23,67,20,8.01,NZ,1695073828
41,hofors,60.5457,16.2867,13.17,93,100,8.68,SE,1695073828
42,taiyuan,37.8694,112.5603,18.92,63,0,6.71,CN,1695073828
43,san jose del guaviare,2.5729,-72.6459,26.25,87,98,3.89,CO,1695073828
44,gamay,12.3854,125.2979,25.91,87,78,3.27,PH,1695073828
45,nuuk,64.1835,-51.7216,3.82,60,24,4.0,GL,1695073828
46,ola,59.5833,151.2833,6.97,59,100,5.48,RU,1695073828
47,afaahiti,-17.75,-149.2833,25.93,89,97,13.73,PF,1695073828
48,wailua homesteads,22.0669,-159.378,28.44,69,40,14.97,US,1695073829
49,avarua,-21.2078,-159.775,24.03,53,75,6.91,CK,1695073829
50,demba,-5.51,22.2667,21.82,83,98,1.66,CD,1695073829
51,khandyga,62.6667,135.6,1.12,95,99,4.25,RU,1695073829
52,biloela,-24.4167,150.5,18.64,60,0,5.01,AU,1695073829
53,machina,13.1364,10.0492,26.86,55,13,6.82,NG,1695073829
54,iskateley,67.6803,53.1512,6.55,96,100,15.23,RU,1695073829
55,al quwayrah,29.8004,35.3116,24.0,39,0,1.45,JO,1695073829
56,ma'rib,15.4591,45.3253,27.67,16,95,3.38,YE,1695073829
57,bilibino,68.0546,166.4372,1.51,80,97,0.92,RU,1695073829
58,bodo,67.28,14.405,9.87,72,0,11.5,NO,1695073830
59,puerto natales,-51.7236,-72.4875,2.44,68,100,3.89,CL,1695073830
60,klyuchi,52.2667,79.1667,13.58,86,100,0.87,RU,1695073830
61,longyearbyen,78.2186,15.6401,-3.09,74,20,3.44,SJ,1695073830
62,qaqortoq,60.7167,-46.0333,3.73,64,0,4.94,GL,1695073830
63,alaghsas,17.0187,8.0168,32.61,36,80,10.45,NE,1695073830
64,adamstown,-25.066,-130.1015,18.23,60,56,2.17,PN,1695073830
65,enewetak,11.3474,162.3373,27.09,85,100,19.39,MH,1695073830
66,kill devil hills,36.0307,-75.676,23.32,68,100,0.0,US,1695073830
67,almus,40.3758,36.9044,8.82,93,0,3.0,TR,1695073831
68,ustka,54.5805,16.8619,19.8,65,100,10.33,PL,1695073831
69,margaret river,-33.95,115.0667,14.24,79,100,13.38,AU,1695073831
70,weno,7.4515,151.8468,26.97,100,100,0.0,FM,1695073831
71,anadyr,64.75,177.4833,4.28,86,0,8.95,RU,1695073831
72,awjilah,29.1081,21.2869,24.71,65,0,12.5,LY,1695073831
73,portland,45.5234,-122.6762,24.41,42,20,12.66,US,1695073682
74,nova sintra,14.8667,-24.7167,22.73,76,57,12.03,CV,1695073831
75,namtsy,62.7161,129.6658,-1.0,84,42,11.39,RU,1695073831
76,raja,8.4596,25.678,20.71,92,71,1.23,SS,1695073832
77,shohimardon,39.9839,71.8028,11.43,53,0,1.19,UZ,1695073832
78,chonchi,-42.6128,-73.8092,7.29,79,60,2.48,CL,1695073832
79,puerto baquerizo moreno,-0.9,-89.6,26.55,74,75,11.5,EC,1695073832
80,dabou,5.3256,-4.3769,24.11,94,87,6.53,CI,1695073832
81,san patricio,28.017,-97.5169,35.4,37,14,15.77,US,1695073832
82,presidente medici,-11.1753,-61.9014,32.17,42,74,5.93,BR,1695073832
83,ta`u,-14.2336,-169.5144,26.22,80,97,26.82,AS,1695073832
84,fort st. john,56.2499,-120.8529,15.94,36,40,25.32,CA,1695073832
85,nyandoma,61.669,40.1991,2.92,95,85,2.82,RU,1695073832
86,port elizabeth,-33.918,25.5701,14.16,82,75,6.91,ZA,1695073833
87,dudinka,69.4058,86.1778,2.57,97,100,16.24,RU,1695073833
88,tamanrasset,22.785,5.5228,23.95,14,0,4.61,DZ,1695073833
89,yeppoon,-23.1333,150.7333,18.88,54,73,10.27,AU,1695073833
90,bethel,41.3712,-73.414,20.2,87,100,7.14,US,1695073833
91,kourou,5.1552,-52.6478,30.03,88,57,7.83,GF,1695073833
92,hithadhoo,-0.6,73.0833,28.04,76,100,14.58,MV,1695073833
93,as sulayyil,20.4607,45.5779,34.14,15,84,7.78,SA,1695073833
94,carloforte,39.145,8.3058,25.89,65,82,3.74,IT,1695073833
95,arkhangel'sk,64.5401,40.5433,3.49,92,13,5.5,RU,1695073829
96,palmer,42.1584,-72.3287,19.23,84,100,5.75,US,1695073834
97,kuandian,40.7286,124.7847,16.22,98,76,2.24,CN,1695073834
98,vorgashor,67.5833,63.95,4.74,86,100,12.01,RU,1695073834
99,hasaki,35.7333,140.8333,26.27,81,4,14.72,JP,1695073674
100,petropavlovsk-kamchatsky,53.0452,158.6483,4.33,75,0,6.71,RU,1695073680
101,afif,23.9065,42.9172,29.33,18,41,2.98,SA,1695073834
102,karlskrona,56.1616,15.5866,19.25,89,100,13.76,SE,1695073633
103,dunedin,-45.8742,170.5036,13.93,60,32,3.0,NZ,1695073834
104,abepura,-2.6333,140.5833,25.45,83,40,0.0,ID,1695073834
105,astrakhan,46.3497,48.0408,15.93,67,0,7.0,RU,1695073535
106,taoudenni,22.6783,-3.9836,37.86,12,26,11.05,ML,1695073835
107,borisoglebskiy,57.2586,39.1508,6.65,87,53,2.19,RU,1695073835
108,howrah,22.5892,88.3103,27.0,89,75,4.61,IN,1695073835
109,port mathurin,-19.6833,63.4167,22.96,80,7,20.96,MU,1695073835
110,naama,33.2667,-0.3167,24.63,19,50,10.13,DZ,1695073835
111,hawaiian paradise park,19.5933,-154.9731,28.26,78,100,5.75,US,1695073835
112,perugorria,-29.3413,-58.6106,15.04,94,100,14.76,AR,1695073835
113,st. john's,47.5649,-52.7093,13.49,87,40,18.01,CA,1695073835
114,nantucket,41.2835,-70.0995,20.01,95,100,16.11,US,1695073835
115,port moresby,-9.4431,147.1797,21.68,88,20,4.61,PG,1695073835
116,taksimo,56.3444,114.8794,1.05,79,19,1.1,RU,1695073836
117,newman,37.3138,-121.0208,29.47,30,0,1.74,US,1695073836
118,kone,-21.0595,164.8658,24.43,69,2,4.85,NC,1695073836
119,elmali,36.7358,29.9177,17.71,53,12,2.35,TR,1695073836
120,parras de la fuente,25.4167,-102.1833,26.36,38,80,7.85,MX,1695073836
121,masterton,-40.9597,175.6575,13.82,65,19,12.08,NZ,1695073836
122,colonia general alfredo stroessner,-25.3667,-55.7,27.86,52,61,5.17,PY,1695073836
123,ushuaia,-54.8,-68.3,2.81,56,75,18.41,AR,1695073763
124,polonnaruwa,7.9333,81.0,23.88,83,100,5.64,LK,1695073836
125,igarka,67.4667,86.5833,2.74,90,100,14.25,RU,1695073836
126,whitehorse,60.7161,-135.0538,10.57,71,75,11.5,CA,1695073837
127,tralee,52.2704,-9.7026,13.3,86,100,9.86,IE,1695073837
128,sitka,57.0531,-135.33,12.94,71,100,10.36,US,1695073837
129,puerto colombia,10.9878,-74.9547,25.05,80,100,15.23,CO,1695073837
130,natal,-5.795,-35.2094,26.36,83,75,12.66,BR,1695073827
131,lebu,-37.6167,-73.65,8.77,64,1,17.56,CL,1695073837
132,luderitz,-26.6481,15.1594,14.22,75,0,14.12,NA,1695073837
133,ribeira grande,38.5167,-28.7,21.54,75,22,5.99,PT,1695073837
134,mamuju,-2.6748,118.8885,24.72,86,10,3.24,ID,1695073837
135,san lawrenz,36.0553,14.204,25.48,76,84,5.14,MT,1695073838
136,cockburn town,21.4612,-71.1419,30.98,62,40,9.22,TC,1695073838
137,ulladulla,-35.35,150.4667,26.03,31,69,6.78,AU,1695073758
138,mili,6.0815,171.735,26.89,82,100,7.02,MH,1695073838
139,acapulco de juarez,16.8634,-99.8901,30.56,65,8,10.07,MX,1695073838
140,ust'-ilimsk,58.0006,102.6619,7.78,95,92,4.56,RU,1695073838
141,punta arenas,-53.15,-70.9167,4.06,48,75,13.8,CL,1695073838
142,lepsy,46.235,78.9456,15.37,55,41,6.93,KZ,1695073838
143,vilyuchinsk,52.9306,158.4028,5.15,60,12,2.71,RU,1695073838
144,gamba,-2.65,10.0,23.57,86,97,6.22,GA,1695073839
145,antsohihy,-14.8796,47.9875,22.25,68,0,4.25,MG,1695073839
146,ndele,8.4109,20.6473,21.42,96,100,2.19,CF,1695073839
147,ekuvukeni,-28.4675,30.1551,14.38,60,0,1.77,ZA,1695073839
148,moses lake,47.1301,-119.2781,26.38,24,0,16.11,US,1695073839
149,orbetello,42.4408,11.2196,22.01,87,98,5.82,IT,1695073839
150,roleystone,-32.1167,116.0667,15.1,79,100,11.5,AU,1695073839
151,tsiombe,-25.3,45.4833,21.41,82,100,11.72,MG,1695073839
152,solnechnyy,50.7214,136.6319,9.54,98,98,5.48,RU,1695073839
153,harper,4.375,-7.7169,25.63,86,100,9.15,LR,1695073840
154,akonolinga,3.7667,12.25,20.18,95,100,2.44,CM,1695073840
155,east london,-33.0153,27.9116,15.36,75,26,6.29,ZA,1695073817
156,fortaleza,-3.7227,-38.5247,27.07,78,20,14.97,BR,1695073769
157,olonkinbyen,70.9221,-8.7187,3.81,67,39,19.19,SJ,1695073840
158,tofol,5.3248,163.0078,28.9,74,100,9.19,FM,1695073840
159,san antonio,29.4241,-98.4936,37.21,34,40,6.91,US,1695073840
160,tolanaro,-25.0319,46.9987,21.04,88,20,9.22,MG,1695073840
161,nshamba,-1.7983,31.5511,19.92,73,100,3.89,TZ,1695073840
162,lander,42.833,-108.7307,26.73,15,0,10.36,US,1695073840
163,bulawayo,-20.15,28.5833,16.28,69,0,8.14,ZW,1695073841
164,puerto varas,-41.3195,-72.9854,7.12,81,75,4.61,CL,1695073841
165,revda,56.801,59.9303,11.2,88,55,5.46,RU,1695073841
166,dalby,-27.1833,151.2667,16.2,62,0,6.53,AU,1695073841
167,colonia,50.9333,6.95,18.31,84,0,8.05,DE,1695073723
168,smithers,54.7804,-127.1743,14.18,47,75,3.44,CA,1695073841
169,capao bonito,-24.0058,-48.3494,20.47,81,99,5.95,BR,1695073841
170,villa de san antonio,14.3167,-87.6167,31.67,38,87,6.64,HN,1695073841
171,moranbah,-22.0016,148.0466,19.42,70,87,11.36,AU,1695073841
172,burgersdorp,-30.9977,26.3286,10.4,23,0,1.34,ZA,1695073841
173,nkove,-7.95,30.85,25.74,46,6,5.01,TZ,1695073842
174,conceicao do mato dentro,-19.0372,-43.425,22.16,51,87,4.85,BR,1695073842
175,taunggyi,20.7833,97.0333,17.8,98,100,3.29,MM,1695073842
176,nemuro,43.3236,145.575,16.49,97,100,5.01,JP,1695073842
177,torghay,49.6339,63.4981,15.93,62,100,7.87,KZ,1695073842
178,kismayo,-0.3582,42.5454,25.06,85,48,18.16,SO,1695073842
179,vila velha,-20.3297,-40.2925,23.97,80,0,13.8,BR,1695073656
180,sinjai,-5.1241,120.253,24.58,84,67,3.33,ID,1695073842
181,queenstown,-31.8976,26.8753,7.42,71,0,2.53,ZA,1695073843
182,lauro de freitas,-12.8944,-38.3272,24.01,88,75,14.97,BR,1695073792
183,goba,7.0167,39.9833,11.71,89,100,4.85,ET,1695073843
184,nouadhibou,20.931,-17.0347,25.99,61,100,16.11,MR,1695073843
185,takoradi,4.8845,-1.7554,24.07,93,52,6.69,GH,1695073664
186,bubaque,11.2833,-15.8333,27.79,81,94,8.1,GW,1695073843
187,kailua-kona,19.6406,-155.9956,30.28,76,40,11.5,US,1695073843
188,rifle,39.5347,-107.7831,17.33,55,100,25.32,US,1695073843
189,sal rei,16.1833,-22.9167,26.36,76,67,9.13,CV,1695073843
190,polyarnyy,69.1989,33.4478,5.46,90,100,4.9,RU,1695073616
191,talnakh,69.4865,88.3972,2.34,100,100,5.79,RU,1695073844
192,pontian kechil,1.4866,103.3896,25.56,91,42,5.46,MY,1695073844
193,pailon,-17.65,-62.75,31.82,32,33,10.13,BO,1695073844
194,broken hill,-31.95,141.4333,22.92,17,0,16.06,AU,1695073844
195,taroa,8.7058,171.2275,28.09,77,100,8.32,MH,1695073844
196,tiksi,71.6872,128.8694,-1.04,86,100,10.4,RU,1695073844
197,camamu,-13.9447,-39.1039,22.07,89,46,4.83,BR,1695073802
198,dryden,49.7833,-92.7503,20.16,56,0,12.66,CA,1695073845
199,siwa oasis,29.2041,25.5195,27.83,41,0,9.86,EG,1695073845
200,sterling,39.0062,-77.4286,25.58,52,40,13.8,US,1695073845
201,waingapu,-9.6567,120.2641,22.78,84,15,8.57,ID,1695073845
202,nikolayevsk-on-amure,53.1406,140.73,8.17,97,100,5.21,RU,1695073845
203,samthar,25.85,78.9167,26.93,78,5,5.03,IN,1695073845
204,kargil,34.5667,76.1,11.91,58,90,7.4,IN,1695073845
205,chicholi,21.4667,79.6833,23.25,92,26,1.48,IN,1695073845
206,aoulef,26.9667,1.0833,34.22,8,5,13.65,DZ,1695073845
207,tshela,-4.9833,12.9333,21.94,90,47,2.01,CD,1695073846
208,al kharijah,25.4514,30.5464,27.82,27,0,8.99,EG,1695073846
209,qamdo,31.1667,97.2333,2.37,79,86,2.8,CN,1695073846
210,pacific grove,36.6177,-121.9166,24.34,73,0,10.0,US,1695073846
211,hotan,37.0997,79.9269,22.73,24,100,4.45,CN,1695073846
212,holualoa,19.6228,-155.9522,28.21,76,40,11.5,US,1695073846
213,nar'yan-mar,67.6713,53.087,6.6,96,100,15.68,RU,1695073846
214,kurchum,48.5722,83.6542,13.36,56,100,4.45,KZ,1695073846
215,walvis bay,-22.9575,14.5053,13.94,82,37,6.91,NA,1695073847
216,coutances,49.05,-1.4333,15.38,69,100,13.69,FR,1695073847
217,al kharj,24.155,47.3346,34.32,16,98,7.72,SA,1695073847
218,aasiaat,68.7098,-52.8699,-3.78,81,10,4.32,GL,1695073847
219,karlskoga,59.3267,14.5239,15.62,96,100,10.02,SE,1695073847
220,torbat-e heydariyeh,35.274,59.2195,16.16,26,0,8.08,IR,1695073701
221,port macquarie,-31.4333,152.9167,16.05,62,1,14.03,AU,1695073847
222,christchurch,-43.5333,172.6333,18.04,52,0,4.61,NZ,1695073847
223,fort mcmurray,56.7268,-111.381,17.77,48,20,16.11,CA,1695073847
224,arraial do cabo,-22.9661,-42.0278,22.98,78,0,18.41,BR,1695073847
225,fale old settlement,-9.3852,-171.2468,28.12,80,47,18.88,TK,1695073847
226,at taraf,25.3628,49.725,30.3,38,57,1.66,SA,1695073848
227,morehead city,34.7229,-76.726,26.13,70,0,12.66,US,1695073848
228,constantia,44.1833,28.65,15.39,63,0,4.65,RO,1695073662
229,kuqa,41.7278,82.9364,19.69,45,100,3.18,CN,1695073848
230,korla,41.7597,86.1469,19.21,35,92,6.33,CN,1695073848
231,zhanaozen,43.3,52.8,15.78,69,2,11.18,KZ,1695073551
232,rajpur,22.3,74.35,22.99,95,98,4.34,IN,1695073848
233,abeche,13.8292,20.8324,25.84,67,61,6.67,TD,1695073848
234,mogocha,53.7333,119.7667,-1.64,89,24,4.54,RU,1695073848
235,chernyshevskiy,63.0128,112.4714,-2.34,83,25,4.85,RU,1695073849
236,stanley,54.868,-1.6985,8.73,89,8,13.38,GB,1695073849
237,worland,44.0169,-107.9554,29.64,20,0,5.01,US,1695073849
238,porto seguro,-16.4497,-39.0647,24.29,78,40,4.61,BR,1695073849
239,mukalla,14.5425,49.1242,32.52,52,99,2.04,YE,1695073849
240,kerch,45.3583,36.4758,21.06,60,0,16.31,UA,1695073654
241,lihue,21.9789,-159.3672,28.77,69,40,14.97,US,1695073849
242,nema,57.5067,50.5011,7.91,90,77,8.46,RU,1695073849
243,altus,34.6381,-99.334,34.71,29,0,14.97,US,1695073849
244,bereznik,62.8551,42.7072,4.53,88,56,5.48,RU,1695073849
245,bugembe,0.4797,33.2344,18.7,91,100,1.83,UG,1695073849
246,hermanus,-34.4187,19.2345,9.89,87,62,4.99,ZA,1695073586
247,kaoma,-14.7833,24.8,21.79,20,47,8.88,ZM,1695073850
248,dublin,37.7021,-121.9358,28.71,53,0,12.66,US,1695073715
249,myeik,12.4333,98.6,25.22,90,98,2.91,MM,1695073850
250,bodaybo,57.8506,114.1933,-0.13,86,33,1.23,RU,1695073850
251,kingston,17.997,-76.7936,30.53,79,40,3.44,JM,1695073640
252,whitecourt,54.1502,-115.6855,15.58,38,40,12.66,CA,1695073850
253,leua,48.2156,18.6071,24.16,56,99,11.92,SK,1695073850
254,nishinoomote,30.7333,131.0,26.23,81,3,2.59,JP,1695073850
255,calvinia,-31.4707,19.776,11.64,43,0,2.75,ZA,1695073850
256,inhambane,-23.865,35.3833,19.53,83,1,7.11,MZ,1695073851
257,butte,39.6499,-121.5677,27.23,43,0,6.91,US,1695073851
258,fada,9.5667,8.3,18.79,93,38,2.55,NG,1695073851
259,kantunilkin,21.0917,-87.45,27.43,82,82,4.12,MX,1695073851
260,ribera,37.4984,13.2642,26.47,46,100,1.79,IT,1695073851
261,pucallpa,-8.3791,-74.5539,35.02,46,40,4.61,PE,1695073851
262,fortuna foothills,32.6578,-114.4119,36.79,22,0,8.05,US,1695073851
263,suva,-18.1416,178.4415,25.71,78,75,13.8,FJ,1695073851
264,tadine,-21.55,167.8833,22.0,89,68,19.33,NC,1695073851
265,manado,1.487,124.8455,23.43,83,20,3.44,ID,1695073852
266,lae,-6.7221,146.9847,21.37,76,100,3.27,PG,1695073852
267,kuusamo,65.9667,29.1833,8.02,71,0,9.22,FI,1695073852
268,dwarka,22.2394,68.9678,27.55,88,97,11.99,IN,1695073852
269,mejit,10.2753,170.8646,27.78,78,100,8.59,MH,1695073852
270,north bay,46.3168,-79.4663,16.17,65,40,11.5,CA,1695073852
271,vernon,50.2581,-119.2691,20.2,29,58,4.0,CA,1695073852
272,kudahuvadhoo,2.6708,72.8944,27.2,80,100,12.73,MV,1695073852
273,peace river,56.2501,-117.286,16.17,41,75,10.36,CA,1695073852
274,bokakhat,26.6333,93.6,24.96,93,100,0.27,IN,1695073852
275,kandahar,31.0,65.75,21.78,18,3,5.39,AF,1695073853
276,minas de marcona,-15.2119,-75.1103,17.85,65,4,13.18,PE,1695073853
277,mola di bari,41.0609,17.0873,27.4,67,100,3.2,IT,1695073853
278,port augusta,-32.5,137.7667,17.73,66,94,1.43,AU,1695073853
279,alofi,-19.0595,-169.9187,24.94,57,75,21.85,NU,1695073853
280,borovskoy,53.8,64.15,14.37,57,68,4.61,KZ,1695073853
281,arteche,12.2645,125.4048,26.57,83,59,3.15,PH,1695073853
282,lucas,41.6501,-83.6666,21.08,57,40,8.05,US,1695073853
283,tazovsky,67.4667,78.7,2.0,85,70,8.14,RU,1695073853
284,ytrebygda,60.305,5.2824,15.18,98,75,18.41,NO,1695073854
285,westport,41.1415,-73.3579,20.99,90,100,1.01,US,1695073854
286,saipan,15.1355,145.701,28.39,83,20,13.8,MP,1695073854
287,novoishimskiy,53.1981,66.7694,14.34,61,63,3.76,KZ,1695073854
288,awash,8.9833,40.1667,21.64,78,100,3.49,ET,1695073854
289,matola,-25.9622,32.4589,20.97,77,0,11.5,MZ,1695073854
290,port alfred,-33.5906,26.891,11.21,90,34,3.0,ZA,1695073854
291,san borja,-14.8167,-66.85,32.16,41,83,1.72,BO,1695073854
292,parabel',58.6978,81.4825,10.53,88,60,1.79,RU,1695073854
293,slyudyanka,51.6594,103.7061,8.01,85,78,5.57,RU,1695073854
294,tura,25.5198,90.2201,23.43,95,100,4.07,IN,1695073855
295,rio grande,-32.035,-52.0986,17.06,96,100,14.76,BR,1695073576
296,daru,-9.0763,143.2092,25.06,79,52,12.59,PG,1695073855
297,usinsk,65.9939,57.5281,8.29,95,100,13.2,RU,1695073855
298,port lincoln,-34.7333,135.8667,13.47,84,20,13.62,AU,1695073855
299,purna,19.1833,77.05,23.72,80,35,6.64,IN,1695073855
300,faya-largeau,17.9257,19.1043,31.24,11,24,11.36,TD,1695073855
301,sarankhola,22.3082,89.7897,25.66,94,99,4.5,BD,1695073855
302,al jawf,29.5,38.75,25.09,21,0,5.17,SA,1695073855
303,crane,31.3974,-102.3501,32.55,27,0,10.33,US,1695073856
304,tabou,4.423,-7.3528,25.36,88,100,8.72,CI,1695073856
305,viedma,-40.8135,-62.9967,7.83,61,56,9.86,AR,1695073856
306,mazidagi,37.4775,40.4881,21.34,24,0,2.51,TR,1695073856
307,thal,35.4791,72.2439,14.07,90,6,2.13,PK,1695073856
308,orsa,54.5153,30.4053,14.64,74,12,8.05,BY,1695073856
309,balsas,-7.5325,-46.0356,31.65,22,18,5.06,BR,1695073856
310,acarau,-2.8856,-40.12,26.09,81,23,17.38,BR,1695073856
311,alpine,32.835,-116.7664,25.32,66,0,11.18,US,1695073857
312,sola,-13.8833,167.55,26.37,89,75,5.75,VU,1695073857
313,severnoye,56.3491,78.3619,10.33,88,32,2.48,RU,1695073857
314,hamilton,39.1834,-84.5333,24.4,46,75,11.5,US,1695073857
315,santa vitoria,-18.8386,-50.1214,30.93,33,57,1.3,BR,1695073857
316,arenapolis,-14.4503,-56.8461,29.09,52,96,2.62,BR,1695073857
317,swift current,50.2834,-107.8014,26.45,18,0,8.05,CA,1695073857
318,badger,64.8,-147.5333,6.93,86,75,3.44,US,1695073857
319,sidhi,24.4167,81.8833,25.35,85,17,1.81,IN,1695073857
320,forster,-32.1667,152.5167,17.99,78,0,8.23,AU,1695073858
321,sanctuary point,-35.1114,150.629,25.11,34,58,7.09,AU,1695073858
322,labasa,-16.4167,179.3833,27.25,73,37,11.9,FJ,1695073858
323,le mars,42.7942,-96.1656,30.91,33,0,16.11,US,1695073858
324,udachny,66.4167,112.4,-1.97,79,76,9.98,RU,1695073858
325,gurupi,-11.7292,-49.0686,33.29,21,59,5.28,BR,1695073614
326,vila franca do campo,37.7167,-25.4333,18.82,99,64,3.44,PT,1695073858
327,dazuocun,24.8862,118.9643,26.51,84,7,8.77,CN,1695073858
328,qarah bagh,34.9402,61.7759,15.44,30,0,10.11,AF,1695073858
329,wajir,1.7471,40.0573,26.14,56,91,17.43,KE,1695073858
330,wynyard,-41.0,145.7167,11.07,96,97,3.33,AU,1695073858
331,okahao,-17.885,15.0667,21.93,20,44,11.48,NA,1695073859
332,pionerskiy,54.9508,20.2275,18.91,76,100,15.86,RU,1695073567
333,novodvinsk,64.4165,40.8122,3.0,94,21,5.21,RU,1695073859
334,fengtai,39.5581,117.7492,18.66,73,97,8.9,CN,1695073859
335,zyryanskoye,56.8306,86.6258,9.73,90,83,3.33,RU,1695073859
336,carnarvon,-24.8667,113.6333,16.34,67,4,19.33,AU,1695073859
337,loyew,51.9458,30.7953,13.48,52,0,6.8,BY,1695073859
338,den burg,53.0542,4.7972,16.1,70,75,20.71,NL,1695073859
339,nyurba,63.2842,118.3319,-3.09,94,15,4.61,RU,1695073859
340,keflavik,64.0049,-22.5624,8.95,87,40,6.91,IS,1695073859
341,kerema,-7.9631,145.7785,24.11,79,100,1.39,PG,1695073860
342,yorkton,51.2167,-102.4677,27.91,23,0,12.66,CA,1695073860
343,kisangani,0.5167,25.2,21.39,90,85,1.83,CD,1695073860
344,whistler,50.1164,-122.9695,15.86,41,40,2.3,CA,1695073860
345,puan,35.7281,126.7319,20.94,94,83,3.44,KR,1695073860
346,kavieng,-2.5744,150.7967,26.49,82,100,13.22,PG,1695073860
347,okhotsk,59.3833,143.3,7.34,78,100,6.08,RU,1695073860
348,kenai,60.5544,-151.2583,12.3,53,0,10.36,US,1695073860
349,vadso,70.0744,29.7487,5.49,87,75,2.3,NO,1695073860
350,aguililla,18.7333,-102.7333,28.4,56,5,2.13,MX,1695073860
351,ntungamo,-0.8833,29.65,18.26,96,99,1.81,UG,1695073861
352,altayskoye,51.9533,85.3325,12.08,90,97,4.45,RU,1695073861
353,carbonear,47.7332,-53.2148,13.75,87,75,14.12,CA,1695073861
354,ceeldheer,3.8488,47.1806,24.86,86,90,16.02,SO,1695073861
355,new kingman-butler,35.265,-114.0323,32.68,7,0,15.64,US,1695073861
356,tongchuanshi,35.0806,109.0897,18.36,92,100,7.63,CN,1695073660
357,mahendranagar,28.9167,80.3333,24.9,88,14,4.09,NP,1695073861
358,saudarkrokur,65.7461,-19.6394,7.8,94,100,3.44,IS,1695073861
359,uturoa,-16.7333,-151.4333,25.03,79,95,21.97,PF,1695073862
360,vorkuta,67.5,64.0,4.85,86,100,11.16,RU,1695073580
361,mstsislaw,54.0192,31.7257,13.89,61,57,7.76,BY,1695073862
362,senador jose porfirio,-2.5908,-51.9542,30.02,49,81,1.52,BR,1695073862
363,kolonia town,6.964,158.206,26.0,94,100,2.3,FM,1695073862
364,middlebury (village),44.0153,-73.1673,16.53,93,100,0.0,US,1695073862
365,gillette,44.2911,-105.5022,28.51,16,0,9.22,US,1695073862
366,veseli nad luznici,49.1843,14.6973,18.52,91,100,3.91,CZ,1695073862
367,landen,50.7538,5.08,16.66,83,53,1.01,BE,1695073862
368,guichon,-32.35,-57.2,13.24,83,100,14.63,UY,1695073863
369,rozdilna,46.8433,30.0792,14.23,62,0,3.42,UA,1695073863
370,kiama,-34.6833,150.8667,25.25,50,1,1.99,AU,1695073863
371,wulingyuan,29.3494,110.5441,23.72,92,95,2.48,CN,1695073863
372,devonport,-41.1667,146.35,11.72,95,99,0.81,AU,1695073863
373,belyy yar,53.6039,91.3903,6.94,93,66,0.0,RU,1695073863
374,mount pearl,47.5166,-52.7813,13.03,87,40,14.97,CA,1695073863
375,lamar,33.6668,-95.5836,36.66,25,0,4.61,US,1695073863
376,kudymkar,59.0173,54.656,9.91,78,76,11.21,RU,1695073840
377,la passe,45.5549,-0.8967,19.43,79,72,10.83,FR,1695073863
378,camalu,30.85,-116.0667,28.7,65,2,18.61,MX,1695073864
379,bairnsdale,-37.8333,147.6167,22.11,37,98,6.29,AU,1695073864
380,sao caetano de odivelas,-0.75,-48.02,26.25,77,9,8.23,BR,1695073864
381,stokesdale,36.2371,-79.9795,25.92,58,40,10.36,US,1695073864
382,norilsk,69.3535,88.2027,2.46,99,100,6.69,RU,1695073864
383,flagstaff,35.1981,-111.6513,26.4,26,40,13.8,US,1695073864
384,kerikeri,-35.2268,173.9474,16.06,86,13,1.01,NZ,1695073864
385,benito juarez,19.385,-99.165,21.02,52,100,11.5,MX,1695073864
386,pauls valley,34.7401,-97.2223,32.75,19,0,11.16,US,1695073864
387,magadan,59.5667,150.8,6.68,59,100,7.4,RU,1695073576
388,cova figueira,14.8905,-24.2934,23.12,78,24,10.02,CV,1695073865
389,saint-philippe,-21.3585,55.7679,21.77,82,37,10.92,RE,1695073865
390,eirunepe,-6.6603,-69.8736,27.28,69,70,4.0,BR,1695073865
391,bandar-e genaveh,29.5791,50.517,31.15,51,0,1.52,IR,1695073865
392,remire-montjoly,4.9167,-52.2667,30.02,70,0,8.05,GF,1695073865
393,puerto lempira,15.2667,-83.7667,32.08,66,40,9.22,HN,1695073865
394,kosciusko,33.0576,-89.5876,27.79,25,23,5.64,US,1695073865
395,chui,-33.6971,-53.4616,12.63,91,100,12.97,UY,1695073865
396,lospalos,-8.5186,127.0025,19.12,86,25,2.04,TL,1695073865
397,severo-yeniseyskiy,60.3725,93.0408,7.82,98,42,5.39,RU,1695073865
398,waynesboro,38.0685,-78.8895,23.94,44,0,5.75,US,1695073866
399,santa cruz,-17.8,-63.1667,31.03,55,40,17.27,BO,1695073860
400,twon-brass,4.3151,6.2418,26.16,85,70,6.8,NG,1695073866
401,olinda,-8.0089,-34.8553,25.85,83,75,12.66,BR,1695073866
402,bilmak,47.3624,36.6511,16.19,49,1,3.31,UA,1695073866
403,shinkafi,13.0753,6.5105,24.52,70,31,7.11,NG,1695073866
404,timmins,48.4669,-81.3331,11.9,54,40,10.36,CA,1695073866
405,sabang,5.8933,95.3214,27.14,78,96,4.23,ID,1695073866
406,happy valley-goose bay,53.3168,-60.3315,9.17,76,100,4.61,CA,1695073866
407,tindouf,27.6711,-8.1474,34.25,24,40,4.61,DZ,1695073867
408,yulinshi,38.2906,109.7494,17.57,37,100,12.44,CN,1695073867
409,zaozersk,69.4005,32.4476,4.06,94,100,3.13,RU,1695073867
410,tulagi,-9.0996,160.1476,27.74,79,72,20.11,SB,1695073867
411,mossel bay,-34.1831,22.146,13.96,80,61,4.43,ZA,1695073867
412,santa marta,11.2408,-74.199,31.03,72,75,5.75,CO,1695073867
413,hastings,50.8552,0.5729,16.55,28,75,20.22,GB,1695073860
414,sao tome,0.3365,6.7273,26.02,89,40,3.44,ST,1695073867
415,mbandaka,0.0487,18.2603,21.38,93,74,3.47,CD,1695073868
416,taft,31.7471,54.2088,23.97,17,0,4.61,IR,1695073868
417,cataguases,-21.3892,-42.6967,26.61,46,3,1.7,BR,1695073868
418,guiuan,11.0333,125.7247,28.64,74,98,5.5,PH,1695073868
419,krasnogorskoye,52.2953,86.1979,12.27,93,89,2.98,RU,1695073868
420,nogliki,51.8333,143.1667,13.95,87,99,12.88,RU,1695073868
421,loudeac,48.1783,-2.7543,13.77,86,100,6.78,FR,1695073868
422,aykhal,66.0,111.5,-5.18,89,73,11.45,RU,1695073868
423,haiku-pauwela,20.9219,-156.3051,30.01,49,40,20.71,US,1695073868
424,kiomboi,-4.2667,34.3667,22.05,48,82,3.74,TZ,1695073868
425,hood river,45.7054,-121.5215,24.82,46,0,11.01,US,1695073869
426,isangel,-19.55,169.2667,23.06,88,56,1.14,VU,1695073869
427,baoro,5.6667,15.9667,20.23,95,100,1.7,CF,1695073869
428,iquitos,-3.7481,-73.2472,26.02,73,40,4.61,PE,1695073869
429,cill airne,52.05,-9.5167,12.97,87,100,8.9,IE,1695073869
430,taraz,42.9,71.3667,13.23,58,88,11.18,KZ,1695073589
431,kyren,51.6828,102.1408,7.02,85,89,2.3,RU,1695073869
432,general acha,-37.377,-64.6043,13.74,26,63,8.16,AR,1695073869
433,cadale,2.7603,46.3222,25.47,84,100,12.91,SO,1695073869
434,vilyuysk,63.7553,121.6247,-3.27,96,26,4.56,RU,1695073870
435,vuktyl,63.8567,57.3094,8.89,91,100,11.05,RU,1695073870
436,urcos,-13.6861,-71.6228,17.94,66,91,4.79,PE,1695073870
437,muroto-misakicho,33.2833,134.15,26.53,80,9,6.71,JP,1695073870
438,zaqatala,41.6336,46.6433,13.26,100,100,6.91,AZ,1695073870
439,susanville,40.4163,-120.653,28.14,30,0,5.75,US,1695073870
440,atasu,48.6814,71.6433,13.38,55,35,4.76,KZ,1695073870
441,mumford,5.2618,-0.759,23.98,93,31,8.3,GH,1695073870
442,codrington,-38.2667,141.9667,13.0,74,53,12.8,AU,1695073870
443,santiago de cao,-7.9589,-79.2392,21.07,78,55,11.5,PE,1695073871
444,san rafael,-34.6177,-68.3301,14.18,22,76,8.19,AR,1695073846
445,veraval,20.9,70.3667,26.7,90,100,11.43,IN,1695073871
446,tateyama,34.9833,139.8667,27.83,81,9,13.27,JP,1695073871
447,batesburg-leesville,33.9101,-81.5373,26.8,56,0,5.5,US,1695073871
448,namdrik,5.5994,168.1028,27.27,79,89,9.24,MH,1695073871
449,jiangyou,31.7667,104.7167,22.43,93,100,2.21,CN,1695073871
450,kruisfontein,-34.0033,24.7314,11.05,89,0,6.11,ZA,1695073871
451,grand gaube,-20.0064,57.6608,22.99,73,1,1.99,MU,1695073871
452,newala kisimani,-10.95,39.2833,17.62,93,7,7.63,TZ,1695073872
453,usol'ye-sibirskoye,52.7519,103.6453,9.25,79,94,2.51,RU,1695073872
454,zintan,31.9223,12.252,25.27,38,4,9.08,LY,1695073872
455,ringkobing,56.0901,8.244,16.68,93,29,13.04,DK,1695073872
456,nieuw amsterdam,5.8833,-55.0833,31.01,66,20,6.91,SR,1695073872
457,magong,23.5654,119.5863,27.39,83,4,7.67,TW,1695073872
458,xai-xai,-25.0519,33.6442,18.15,78,0,9.91,MZ,1695073872
459,lenino,45.2986,35.7771,19.06,68,0,9.64,UA,1695073872
460,borogontsy,62.6683,131.1683,-1.34,87,97,8.01,RU,1695073872
461,macclenny,30.2822,-82.1221,31.1,42,49,1.01,US,1695073872
462,carutapera,-1.195,-46.02,26.26,83,22,7.96,BR,1695073873
463,slave lake,55.2834,-114.769,15.99,44,75,23.02,CA,1695073873
464,twentynine palms,34.1356,-116.0542,34.52,22,0,1.99,US,1695073873
465,mugia,43.1041,-9.2179,16.2,73,100,0.27,ES,1695073873
466,orchard homes,46.8633,-114.0484,26.01,31,0,5.75,US,1695073873
467,gadani,25.1185,66.7299,29.12,88,49,6.93,PK,1695073873
468,yalta,44.5,34.1667,18.93,61,0,11.7,UA,1695073645
469,izluchinsk,60.9794,76.9242,7.78,81,72,6.98,RU,1695073873
470,kristiansund,63.1115,7.732,17.03,59,0,8.05,NO,1695073873
471,ginir,7.1333,40.7,18.24,62,98,5.97,ET,1695073873
472,susuman,62.7833,148.1667,4.04,57,100,6.85,RU,1695073874
473,stephenville,32.2207,-98.2023,33.76,27,0,4.0,US,1695073874
474,strezhevoy,60.7333,77.5889,7.76,74,76,5.01,RU,1695073874
475,massawa,15.6097,39.45,32.21,65,77,4.05,ER,1695073874
476,hohhot,40.8106,111.6522,6.16,81,0,2.24,CN,1695073874
477,sakhnovshchyna,49.1517,35.872,15.93,51,4,3.69,UA,1695073874
478,mata-utu,-13.2816,-176.1745,27.06,82,42,25.86,WF,1695073874
479,akureyri,65.6835,-18.0878,9.96,76,100,5.75,IS,1695073874
480,posse,-14.0931,-46.3694,28.07,25,6,7.0,BR,1695073874
481,san antonio de pale,-1.4014,5.6325,24.26,85,40,8.16,GQ,1695073874
482,santyoku,37.4406,129.1708,21.42,84,22,8.19,KR,1695073875
483,kurchatov,51.6601,35.6521,11.23,69,9,5.35,RU,1695073875
484,aldinga beach,-35.2793,138.4604,15.66,87,32,8.25,AU,1695073875
485,dhromolaxia,34.8755,33.5868,24.85,68,0,2.3,CY,1695073875
486,kenora,49.8167,-94.4337,22.54,46,40,13.8,CA,1695073875
487,al ghayzah,16.2079,52.176,27.03,88,72,2.66,YE,1695073875
488,mbekenyera,-10.0,38.9833,20.45,89,0,3.78,TZ,1695073875
489,sisimiut,66.9395,-53.6735,2.83,64,48,4.61,GL,1695073875
490,qiancheng,27.185,109.7654,23.8,94,98,2.75,CN,1695073875
491,midvagur,62.0511,-7.1939,9.46,100,100,8.05,FO,1695073875
492,port townsend,48.117,-122.7605,19.98,64,0,11.5,US,1695073876
493,villa mercedes,-33.6757,-65.4578,15.86,21,65,16.78,AR,1695073876
494,beau vallon,-20.4189,57.6953,22.9,88,40,5.75,MU,1695073876
495,dalcahue,-42.3628,-73.7022,6.78,75,100,4.61,CL,1695073876
496,jiexiu,37.0244,111.9125,20.73,62,100,4.61,CN,1695073876
497,papao,-17.75,-149.55,26.82,91,95,14.92,PF,1695073876
498,putian,25.4394,119.0103,24.2,90,9,3.29,CN,1695073876
499,bengkulu,-3.8004,102.2655,22.93,93,78,7.23,ID,1695073653
500,novyy turtkul',41.55,61.0167,19.95,25,85,6.08,UZ,1695073876
501,kimbe,-5.5502,150.1429,26.95,69,98,5.68,PG,1695073877
502,port isabel,26.0734,-97.2086,35.02,64,0,14.97,US,1695073877
503,kangaba,11.9333,-8.4167,23.91,86,97,4.05,ML,1695073588
504,fort-shevchenko,44.5086,50.263,19.74,65,37,15.77,KZ,1695073877
505,greenville,35.6127,-77.3663,26.09,62,5,1.01,US,1695073877
506,pont rouge,48.8833,-72.0825,15.16,89,100,1.36,CA,1695073877
507,kununurra,-15.7667,128.7333,17.99,94,27,2.3,AU,1695073877
508,ellsworth,44.5434,-68.4195,15.5,95,100,1.01,US,1695073877
509,bizhbulyak,53.6967,54.2642,12.63,64,89,4.36,RU,1695073877
510,nagqu,31.5,92.0,2.94,95,100,3.53,CN,1695073877
511,greymouth,-42.4667,171.2,12.26,85,63,0.83,NZ,1695073878
512,sambava,-14.2667,50.1667,20.63,87,3,8.66,MG,1695073878
513,galesong,-5.3166,119.3661,23.01,72,4,4.97,ID,1695073878
514,tabas,33.5959,56.9244,30.12,13,0,4.61,IR,1695073841
515,island harbour,50.724,-1.2758,16.63,77,91,7.0,GB,1695073878
516,quellon,-43.1167,-73.6167,5.82,74,86,4.99,CL,1695073878
517,playa del ingles,27.7567,-15.5787,23.86,67,1,13.8,ES,1695073838
518,sos'va,59.1766,61.8558,11.04,91,91,6.13,RU,1695073878
519,kormilovka,55.0026,74.1028,11.16,75,28,3.67,RU,1695073796
520,bac lieu,9.285,105.7244,25.82,87,99,6.02,VN,1695073878
521,mathba,22.2855,89.9629,26.24,90,100,5.53,BD,1695073879
522,north shore,-36.8,174.75,18.45,68,5,4.0,NZ,1695073879
523,martinsville,36.6915,-79.8725,25.23,52,0,8.05,US,1695073618
524,bobrovskiy,56.6732,60.9807,11.09,87,0,4.47,RU,1695073879
525,twin falls,42.3505,-114.6445,26.19,22,0,10.36,US,1695073879
526,huarmey,-10.0681,-78.1522,20.86,81,22,10.36,PE,1695073879
527,pontianak,-0.0333,109.3333,24.99,100,100,3.44,ID,1695073627
528,ujae,8.9322,165.7642,26.88,81,100,8.97,MH,1695073879
529,tromso,69.6496,18.957,6.01,87,75,5.75,NO,1695073879
530,alesund,62.4723,6.1549,18.51,59,100,11.5,NO,1695073613
531,sao desiderio,-12.3633,-44.9733,27.93,23,35,5.19,BR,1695073880
532,saint-pierre,-21.3393,55.4781,21.82,73,100,2.3,RE,1695073880
533,zouerate,22.7187,-12.4521,31.97,36,75,17.58,MR,1695073880
534,huanggang,23.677,116.9996,25.94,85,23,1.99,CN,1695073880
535,zhezqazghan,47.7833,67.7667,16.34,41,90,7.2,KZ,1695073880
536,labytnangi,66.6572,66.4183,5.12,94,100,7.49,RU,1695073880
537,inarajan village,13.2736,144.7484,28.55,93,90,13.53,GU,1695073880
538,margarita belen,-27.2616,-58.9722,18.01,80,99,11.01,AR,1695073880
539,alice springs,-23.7,133.8833,18.75,22,58,10.36,AU,1695073880
540,loen,7.7601,168.2307,25.05,90,100,6.2,MH,1695073881
541,santo antonio,-6.3106,-35.4789,24.47,77,58,13.06,BR,1695073881
542,murghob,38.1702,73.9667,7.19,34,0,0.54,TJ,1695073881
543,khark,29.2614,50.3306,32.63,63,0,1.14,IR,1695073881
544,aur,8.1499,171.1687,28.04,78,99,9.93,MH,1695073881
545,sao vicente,-23.9631,-46.3919,31.1,47,40,6.91,BR,1695073688
546,boda,4.3189,17.4695,21.44,90,100,1.83,CF,1695073881
547,lorengau,-2.0226,147.2712,27.93,76,100,13.56,PG,1695073881
548,selfoss,63.9331,-20.9971,8.91,83,54,9.55,IS,1695073881
549,kalevala,65.2,31.1667,4.52,84,72,6.51,RU,1695073881
550,naxos,37.1056,25.3764,24.06,75,0,18.99,GR,1695073882
551,byalynichy,53.9983,29.7126,14.84,60,9,8.16,BY,1695073882
552,mahalapye,-23.1041,26.8142,16.95,71,0,13.44,BW,1695073852
553,mildura,-34.2,142.15,19.48,51,25,10.49,AU,1695073882
554,yelizovo,53.1873,158.3805,5.08,75,0,6.71,RU,1695073882
555,gaoping,30.7758,106.1029,23.06,96,100,3.51,CN,1695073882
556,port pirie,-33.1833,138.0167,15.16,76,56,4.38,AU,1695073882
557,katsuren-haebaru,26.3369,127.8719,28.43,89,20,6.91,JP,1695073882
558,laguna,38.421,-121.4238,29.62,50,0,4.61,US,1695073882
559,shimoda,34.6667,138.95,27.84,80,24,8.97,JP,1695073883
560,outjo,-20.1167,16.15,18.27,28,2,10.16,NA,1695073883
561,mamfe,5.754,9.3123,22.38,96,59,1.83,CM,1695073883
562,emerald,-23.5333,148.1667,17.41,77,0,11.05,AU,1695073883
563,bardai,11.65,7.2333,22.59,85,58,4.92,NG,1695073883
564,rongelap,11.1635,166.8941,28.24,76,94,13.2,MH,1695073883
565,susaki,33.3667,133.2833,23.04,91,6,2.46,JP,1695073883
566,nanning,22.8167,108.3167,25.25,97,40,4.99,CN,1695073584
567,soller,39.7662,2.7152,24.36,75,100,1.97,ES,1695073884
568,salinopolis,-0.6136,-47.3561,26.85,80,15,14.16,BR,1695073884
569,gunupur,19.0833,83.8167,24.95,92,92,3.51,IN,1695073884
570,kibaya,-5.3,36.5667,15.33,83,14,5.35,TZ,1695073884
571,sirte,31.2089,16.5887,25.26,70,0,9.78,LY,1695073884
572,brookings,44.3114,-96.7984,28.19,44,0,6.91,US,1695073884
573,shingu,33.7333,135.9833,24.69,90,65,3.83,JP,1695073884
574,nabire,-3.3667,135.4833,24.25,93,100,3.62,ID,1695073884
575,axim,4.8699,-2.2405,24.12,94,37,5.7,GH,1695073884
576,bahia de kino,28.8333,-111.9333,37.73,57,0,11.3,MX,1695073885
577,inza,53.8533,46.3586,11.99,83,38,3.8,RU,1695073885
578,broome,42.2506,-75.833,19.21,81,100,8.05,US,1695073885
579,usogorsk,63.4106,48.6872,6.89,80,100,14.58,RU,1695073885
580,amasra,41.7463,32.3863,17.28,68,11,11.16,TR,1695073885
581,campbellsville,37.3434,-85.3419,25.06,51,1,1.99,US,1695073885
582,acopiara,-6.0953,-39.4525,29.38,32,18,3.09,BR,1695073885
